{"北京": [116.407526, 39.90403],"北京东城": [116.416357, 39.928353],"北京东城东华门": [116.406708, 39.914219],"北京东城东华门多福巷": [116.412747, 39.923014],"北京东城东华门银闸": [116.406708, 39.914219],"北京东城东华门东厂": [116.406708, 39.914219],"北京东城东华门智德": [116.404642, 39.918634],"北京东城东华门南池子": [116.40318, 39.907837],"北京东城东华门黄图岗": [116.410022, 39.920854],"北京东城东华门灯市口": [116.414391, 39.918751]}